<?xml version="1.0" encoding="UTF-8"?>
<beans:beans xmlns="http://www.springframework.org/schema/mvc"
    xmlns:xsi="http://www.w3.org/2001/XMLSchema-instance"
    xmlns:beans="http://www.springframework.org/schema/beans"
    xmlns:context="http://www.springframework.org/schema/context"
    xsi:schemaLocation="http://www.springframework.org/schema/mvc https://www.springframework.org/schema/mvc/spring-mvc.xsd
        http://www.springframework.org/schema/beans https://www.springframework.org/schema/beans/spring-beans.xsd
        http://www.springframework.org/schema/context https://www.springframework.org/schema/context/spring-context.xsd">

    <!-- DispatcherServlet Context: Define la infraestructura de este Servlet -->

    <!-- Habilita el modelo de programación a través de anotaciones (@Controller) para Spring MVC -->
    <annotation-driven />

    <!--
        Expone los recursos en la carpeta ${webappRoot}/recursos al usuario.
        Siendo
            - mapping: Cómo vamos a llamar a los recursos desde las páginas
                       Por ejemplo: <link rel="stylesheet" href="/res/css/estilo.css">
            - location: Dónde se encuentran los recursos de la aplicación
    -->
    <resources mapping="/res/**" location="/resources/" />

    <!-- Resuelve las vistas seleccionadas por @Controllers -->
    <beans:bean id="viewResolver"
        class="org.springframework.web.servlet.view.InternalResourceViewResolver">
        <beans:property name="prefix" value="/WEB-INF/views/" />
        <beans:property name="suffix" value=".jsp" />
    </beans:bean>

    <!--
        Escanéa el Classpath en búsqueda de anotaciones como @Component, @Repository, @Service,
        @Controller, etc.
    -->
    <context:component-scan base-package="cl.toballatorre.simtres" />

</beans:beans>
