<?xml version="1.0" encoding="UTF-8"?>
<beans xmlns="http://www.springframework.org/schema/beans"
	xmlns:xsi="http://www.w3.org/2001/XMLSchema-instance"
	xmlns:context="http://www.springframework.org/schema/context"
	xmlns:jpa="http://www.springframework.org/schema/data/jpa"
	xmlns:p="http://www.springframework.org/schema/p"
	xmlns:tx="http://www.springframework.org/schema/tx"
	xsi:schemaLocation="http://www.springframework.org/schema/beans https://www.springframework.org/schema/beans/spring-beans.xsd
		http://www.springframework.org/schema/context http://www.springframework.org/schema/context/spring-context-3.1.xsd
		http://www.springframework.org/schema/data/jpa http://www.springframework.org/schema/data/jpa/spring-jpa-1.1.xsd
		http://www.springframework.org/schema/tx http://www.springframework.org/schema/tx/spring-tx-3.1.xsd">

	<!-- Root Context: defines shared resources visible to all other web components -->

	<bean id="ds"
		class="org.springframework.jdbc.datasource.DriverManagerDataSource">
		<property name="driverClassName" value="oracle.jdbc.driver.OracleDriver"></property>
		<property name="url" value="jdbc:oracle:thin:@localhost:1521:xe"></property>
		<property name="username" value="awlsim3"></property>
		<property name="password" value="awlsim3"></property>
	</bean>

	<bean id="jt" class="org.springframework.jdbc.core.JdbcTemplate">
		<property name="dataSource" ref="ds"></property>
	</bean>
	
	<bean id="cursosDAO" class="cl.takeshi.dao.DAOcursos">
		<property name="template" ref="jt"></property>
	</bean>
	<bean id="alumnosDAO" class="cl.takeshi.dao.DAOalumnos">
		<property name="template" ref="jt"></property>
	</bean>
		
	<!-- Cosas del JPA -->
	
	<context:property-placeholder location="/WEB-INF/spring/jdbc.properties" />
	 
	<bean id="dataSource" class="org.springframework.jdbc.datasource.DriverManagerDataSource"
		p:driverClassName="oracle.jdbc.driver.OracleDriver" 
		p:url="jdbc:oracle:thin:@localhost:1521:xe" 
		p:username="awlsim3" 
		p:password="awlsim3" />
		
	<bean id="hibernateJpaVendorAdapter" class="org.springframework.orm.jpa.vendor.HibernateJpaVendorAdapter" />	
	
	<bean id="entityManagerFactory"
		class="org.springframework.orm.jpa.LocalContainerEntityManagerFactoryBean">
		<property name="dataSource" ref="dataSource" />
		<property name="jpaVendorAdapter" ref="hibernateJpaVendorAdapter" />
		<!-- Set JPA properties -->
		<property name="jpaProperties">
			<props>
				<prop key="hibernate.dialect">${hibernate.dialect}</prop>
			</props>
		</property>
		<property name="packagesToScan" value="cl.takeshi.beans" />
	</bean>	
	
	<bean id="transactionManager"
		class="org.springframework.orm.jpa.JpaTransactionManager">
		<property name="entityManagerFactory" ref="entityManagerFactory" />
	</bean>
	
	<jpa:repositories base-package="cl.takeshi.beans"/>
	<context:component-scan base-package="cl.takeshi.services"/>
	
	
</beans>
